Category: All categories;
;
Week;Pulau Pari: (Indonesia)
27/03/22;16
03/04/22;13
10/04/22;18
17/04/22;29
24/04/22;35
01/05/22;95
08/05/22;62
15/05/22;47
22/05/22;35
29/05/22;32
05/06/22;35
12/06/22;25
19/06/22;32
26/06/22;34
03/07/22;38
10/07/22;30
17/07/22;33
24/07/22;41
31/07/22;26
07/08/22;29
14/08/22;31
21/08/22;28
28/08/22;27
04/09/22;24
11/09/22;24
18/09/22;26
25/09/22;28
02/10/22;26
09/10/22;20
16/10/22;15
23/10/22;18
30/10/22;20
06/11/22;20
13/11/22;30
20/11/22;20
27/11/22;21
04/12/22;17
11/12/22;20
18/12/22;21
25/12/22;20
01/01/23;19
08/01/23;17
15/01/23;30
22/01/23;23
29/01/23;26
05/02/23;22
12/02/23;22
19/02/23;21
26/02/23;21
05/03/23;16
12/03/23;19
19/03/23;22
26/03/23;23
02/04/23;18
09/04/23;31
16/04/23;51
23/04/23;100
30/04/23;61
07/05/23;42
14/05/23;38
21/05/23;46
28/05/23;56
04/06/23;47
11/06/23;40
18/06/23;43
25/06/23;45
02/07/23;38
09/07/23;31
16/07/23;23
23/07/23;32
30/07/23;26
06/08/23;27
13/08/23;28
20/08/23;29
27/08/23;29
03/09/23;23
10/09/23;32
17/09/23;24
24/09/23;29
01/10/23;29
08/10/23;28
15/10/23;18
22/10/23;24
29/10/23;26
05/11/23;28
12/11/23;26
19/11/23;28
26/11/23;22
03/12/23;13
10/12/23;25
17/12/23;48
24/12/23;62
31/12/23;50
07/01/24;29
14/01/24;25
21/01/24;33
28/01/24;26
04/02/24;37
11/02/24;28
18/02/24;28
25/02/24;23
03/03/24;27
10/03/24;20
17/03/24;21
24/03/24;25
31/03/24;23
07/04/24;59
14/04/24;64
21/04/24;46
28/04/24;37
05/05/24;47
12/05/24;36
19/05/24;49
26/05/24;36
02/06/24;39
09/06/24;30
16/06/24;40
23/06/24;45
30/06/24;54
07/07/24;33
14/07/24;40
21/07/24;43
28/07/24;34
04/08/24;32
11/08/24;36
18/08/24;29